number,key,country,currency,name,issuer,status,annual_fee,monthly_fee,intro_fee,foreign_purchase_fee,rewards,welcome_offer,eligibility,conditions,missing_or_uncertain,sources,reviewer_notes
1,us-chase-sapphire-preferred,US,USD,Chase Sapphire Preferred,Chase,pending,95,UNKNOWN,UNKNOWN,0,"5 points_per_USD — Chase Travel; Excludes purchases reimbursed by the annual hotel credit. | 3 points_per_USD — Dining; gas; EV charging; selected vacation homes; streaming; online groceries; Online groceries exclude Target, Walmart and wholesale clubs; selected providers only. | 2 points_per_USD — Other travel;  | 1 points_per_USD — Other purchases; ","75,000 points after USD 5,000 purchases within 3 months.",UNKNOWN,"","Confirm full eligibility and current pricing before publication. | New benefits observed; review their effective dates and provider exclusions. | Payment network, full benefit terms and complete reward exclusions still require review.",https://creditcards.chase.com/rewards-credit-cards/sapphire/preferred (official_page; checked 2026-09-15),UNKNOWN
2,us-chase-sapphire-reserve,US,USD,Chase Sapphire Reserve,Chase,pending,795,UNKNOWN,UNKNOWN,UNKNOWN,8 points_per_USD — Chase Travel;  | 4 points_per_USD — Flights and hotels booked directly;  | 3 points_per_USD — Dining;  | 1 points_per_USD — Other purchases; ,"100,000 points after USD 6,000 purchases within 3 months.",UNKNOWN,"","Confirm full eligibility and current pricing before publication. | Confirm foreign purchase fee and exclusions for purchases covered by credits. | Payment network, full benefit terms and complete reward exclusions still require review.",https://creditcards.chase.com/rewards-credit-cards/sapphire/reserve (official_page; checked 2026-09-15),UNKNOWN
3,us-chase-freedom-unlimited,US,USD,Chase Freedom Unlimited,Chase,pending,0,UNKNOWN,UNKNOWN,UNKNOWN,5 cashback_percent — Chase Travel;  | 3 cashback_percent — Dining and drugstores;  | 1.5 cashback_percent — Other purchases; ,USD 200 after USD 500 purchases within 3 months.,UNKNOWN,"","Confirm full eligibility and current pricing before publication. | Foreign purchase fee not extracted. | Payment network, full benefit terms and complete reward exclusions still require review.",https://creditcards.chase.com/cash-back-credit-cards/freedom/unlimited (official_page; checked 2026-09-15),UNKNOWN
4,us-chase-freedom-flex,US,USD,Chase Freedom Flex,Chase,pending,0,UNKNOWN,UNKNOWN,UNKNOWN,"5 cashback_percent — Quarterly categories; Activation required; USD 1,500 combined quarterly spending cap, then base rate. Category calendar changes. | 5 cashback_percent — Chase Travel;  | 3 cashback_percent — Dining and drugstores;  | 1 cashback_percent — Other purchases; ",USD 200 after USD 500 purchases within 3 months.,UNKNOWN,Do not score rotating categories as permanent grocery or gas rewards.,"Confirm full eligibility and current pricing before publication. | Foreign fee and current quarterly calendar need review. | Payment network, full benefit terms and complete reward exclusions still require review.",https://creditcards.chase.com/cash-back-credit-cards/freedom/flex (official_page; checked 2026-09-15),UNKNOWN
5,us-chase-freedom-rise,US,USD,Chase Freedom Rise,Chase,pending,0,UNKNOWN,UNKNOWN,UNKNOWN,"1.5 cashback_percent — Other purchases;  | 3 cashback_percent — Dining introductory offer; First 6 months; USD 6,000 dining cap; then normal rate.",USD 25 for setting up automatic payments within 3 months and staying enrolled for 90 days.,UNKNOWN,"","Confirm full eligibility and current pricing before publication. | Confirm application channel and introductory offer expiry; no numerical approval score is assumed. | Payment network, full benefit terms and complete reward exclusions still require review. | Foreign purchase fee is unknown.",https://creditcards.chase.com/cash-back-credit-cards/freedom/rise (official_page; checked 2026-09-15),UNKNOWN
6,us-united-explorer,US,USD,United Explorer,Chase,pending,150,UNKNOWN,USD 0 annual fee in year one,UNKNOWN,3 miles_per_USD — Eligible United purchases; Advertised 9x flight total also includes MileagePlus flight earnings; do not import 9x as card-only rewards.,"50,000 miles after USD 3,000 purchases in 3 months; additional 10,000 for adding an authorised user in 3 months.",UNKNOWN,United airline preference,"Confirm full eligibility and current pricing before publication. | Remaining earning categories and foreign fee require review. | Payment network, full benefit terms and complete reward exclusions still require review.",https://creditcards.chase.com/travel-credit-cards/united/united-explorer (official_search_extract; checked 2026-09-15),UNKNOWN
7,us-southwest-plus,US,USD,Southwest Rapid Rewards Plus,Chase,pending,99,UNKNOWN,UNKNOWN,0,2 points_per_USD — Direct Southwest purchases;  | 1 points_per_USD — Other purchases; ,UNKNOWN,UNKNOWN,Southwest airline preference,"Confirm full eligibility and current pricing before publication. | Comparison page includes multiple tiers: confirm Plus category caps, new-applicant offer and current benefits. | Payment network, full benefit terms and complete reward exclusions still require review.",https://creditcards.chase.com/southwest/plus-credit-card (official_search_extract; checked 2026-09-15),UNKNOWN
8,us-marriott-boundless,US,USD,Marriott Bonvoy Boundless,Chase,pending,95,UNKNOWN,UNKNOWN,UNKNOWN,"6 points_per_USD — Participating Marriott hotels; Card earnings only, excluding hotel loyalty earnings. | 3 points_per_USD — Groceries, gas and dining; Shared USD 6,000 annual spending cap; then 2 points per USD. | 2 points_per_USD — Other purchases; ","Issuer catalogue advertises 3 free-night awards; spending requirement, expiry and award caps not yet extracted.",UNKNOWN,Marriott hotel preference,"Confirm full eligibility and current pricing before publication. | Rewards source is an existing-cardmember guide; confirm current new-applicant terms. | Payment network, full benefit terms and complete reward exclusions still require review. | Foreign purchase fee is unknown.",https://creditcards.chase.com/marriott/cardmember/boundless (official_search_extract; checked 2026-09-15) | https://creditcards.chase.com/ (official_search_extract; checked 2026-09-15),UNKNOWN
9,us-world-of-hyatt,US,USD,World of Hyatt Credit Card,Chase,pending,95,UNKNOWN,UNKNOWN,UNKNOWN,"4 points_per_USD — Hyatt hotels; Do not include the additional hotel-program base points in card earnings. | 2 points_per_USD — Dining, direct airline tickets, local transit and gyms;  | 1 points_per_USD — Other purchases; ","30,000 points after USD 3,000 in 3 months; introductory 2x on normally 1x purchases for 6 months, capped at USD 15,000 spend. Advertised 60,000 total includes these earnings.",UNKNOWN,Hyatt hotel preference,"Confirm full eligibility and current pricing before publication. | Foreign fee and free-night restrictions need review. | Payment network, full benefit terms and complete reward exclusions still require review.",https://creditcards.chase.com/travel-credit-cards/world-of-hyatt-credit-card (official_search_extract; checked 2026-09-15),UNKNOWN
10,us-prime-visa,US,USD,Prime Visa,Chase,pending,0,UNKNOWN,UNKNOWN,UNKNOWN,"5 cashback_percent — Eligible Amazon.com, Whole Foods and Chase Travel; Requires eligible Prime membership; 3% without. Retailer exclusions apply. | 2 cashback_percent — Dining, gas and local transit; ",UNKNOWN,UNKNOWN,Amazon shopping and Prime membership,"Confirm full eligibility and current pricing before publication. | Extract base rate, foreign fee and current welcome offer; Prime subscription cost is separate. | Payment network, full benefit terms and complete reward exclusions still require review.",https://creditcards.chase.com/cash-back-credit-cards/amazon-prime-rewards (official_search_extract; checked 2026-09-15),UNKNOWN
11,us-amex-platinum,US,USD,American Express Platinum,American Express,pending,895,UNKNOWN,UNKNOWN,UNKNOWN,5 points_per_USD — Prepaid hotels through Amex Travel; ,UNKNOWN,UNKNOWN,"","Confirm full eligibility and current pricing before publication. | Extract flight cap, base rate, benefit enrolments, foreign fee and personalised welcome offer. | Preserve Pay Over Time terms; do not treat this as a conventional fixed-limit revolving card. | Payment network, full benefit terms and complete reward exclusions still require review.",https://www.americanexpress.com/us/credit-cards/card/platinum/?aexp_nav=en_cards (official_search_extract; checked 2026-09-15),UNKNOWN
12,us-amex-gold,US,USD,American Express Gold,American Express,pending,325,UNKNOWN,UNKNOWN,UNKNOWN,"4 points_per_USD — Restaurants worldwide; USD 50,000 calendar-year cap; then 1x. | 4 points_per_USD — US supermarkets; USD 25,000 calendar-year cap; then 1x. | 5 points_per_USD — Prepaid hotels through Amex Travel;  | 3 points_per_USD — Direct flights or Amex Travel flights;  | 2 points_per_USD — Amex Travel prepaid car rentals and eligible cruises;  | 1 points_per_USD — Other purchases; ",UNKNOWN,UNKNOWN,"","Confirm full eligibility and current pricing before publication. | Welcome offer and foreign fee need review; retain Pay Over Time conditions. | Payment network, full benefit terms and complete reward exclusions still require review.",https://www.americanexpress.com/us/credit-cards/card/gold-card/?category=all (official_search_extract; checked 2026-09-15),UNKNOWN
13,us-amex-blue-cash-preferred,US,USD,Blue Cash Preferred,American Express,pending,95,UNKNOWN,USD 0 annual fee in year one,UNKNOWN,"6 cashback_percent — US supermarkets; USD 6,000 per year, then 1%. | 6 cashback_percent — Selected US streaming; ",UNKNOWN,UNKNOWN,"","Confirm full eligibility and current pricing before publication. | Extract transit, gas and base rewards; foreign fee and welcome offer remain unknown. | Payment network, full benefit terms and complete reward exclusions still require review.",https://www.americanexpress.com/us/credit-cards/card/blue-cash-preferred/?intlink=us_card_benefits_blue_cash_preferred (official_search_extract; checked 2026-09-15),UNKNOWN
14,us-amex-blue-cash-everyday,US,USD,Blue Cash Everyday,American Express,pending,0,UNKNOWN,UNKNOWN,UNKNOWN,"3 cashback_percent — US supermarkets; USD 6,000 annual category cap, then 1%. | 3 cashback_percent — US gas; Separate USD 6,000 annual category cap, then 1%. | 3 cashback_percent — US online retail; Separate USD 6,000 annual category cap, then 1%. | 1 cashback_percent — Other purchases; ",UNKNOWN,UNKNOWN,"","Confirm full eligibility and current pricing before publication. | Extract foreign fee and personalised welcome offer. | Payment network, full benefit terms and complete reward exclusions still require review.",https://www.americanexpress.com/us/credit-cards/card/blue-cash-everyday/?nc=yes (official_search_extract; checked 2026-09-15),UNKNOWN
15,us-delta-gold,US,USD,Delta SkyMiles Gold,American Express,pending,150,UNKNOWN,USD 0 annual fee in year one,UNKNOWN,"2 miles_per_USD — Restaurants, US supermarkets and direct Delta purchases; US takeout and delivery included. | 1 miles_per_USD — Other purchases; ",UNKNOWN,UNKNOWN,Delta airline preference,"Confirm full eligibility and current pricing before publication. | Welcome offer varies by applicant; foreign fee and benefit restrictions need review. | Payment network, full benefit terms and complete reward exclusions still require review.",https://www.americanexpress.com/us/credit-cards/card/delta-skymiles-gold-american-express-card/?searchresult=default+card (official_search_extract; checked 2026-09-15),UNKNOWN
16,us-hilton-aspire,US,USD,Hilton Honors American Express Aspire,American Express,pending,550,UNKNOWN,UNKNOWN,UNKNOWN,14 points_per_USD — Direct Hilton hotel and resort purchases; Card earnings; do not add hotel-program points.,UNKNOWN,UNKNOWN,Hilton hotel preference,"Confirm full eligibility and current pricing before publication. | Extract remaining categories, foreign fee, current offer and benefit restrictions. | Payment network, full benefit terms and complete reward exclusions still require review.",https://www.americanexpress.com/us/credit-cards/card/hilton-honors-aspire/?searchresult=hilton+american+express (official_search_extract; checked 2026-09-15),UNKNOWN
17,us-capital-one-venture,US,USD,Capital One Venture Rewards,Capital One,pending,95,UNKNOWN,UNKNOWN,0,"5 miles_per_USD — Capital One Travel hotels, vacation rentals and rental cars;  | 2 miles_per_USD — Other purchases; ","75,000 miles after USD 4,000 in 3 months plus a limited first-year USD 300 hotel/vacation-rental credit through Capital One Travel.",UNKNOWN,"","Confirm full eligibility and current pricing before publication. | Confirm limited offer expiry and credit restrictions; bonus restriction references Venture and Venture X in past 48 months. | Payment network, full benefit terms and complete reward exclusions still require review.",https://www.capitalone.com/credit-cards/venture/ (official_page; checked 2026-09-15),UNKNOWN
18,us-capital-one-venture-x,US,USD,Capital One Venture X,Capital One,pending,395,UNKNOWN,UNKNOWN,0,10 miles_per_USD — Capital One Travel hotels and rental cars;  | 5 miles_per_USD — Capital One Travel flights and vacation rentals;  | 2 miles_per_USD — Other purchases; ,UNKNOWN,Issuer describes the credit level as Excellent; this is not a numerical approval threshold.,"","Confirm full eligibility and current pricing before publication. | Welcome offer did not render; review lounge guest and authorised-user restrictions. | Payment network, full benefit terms and complete reward exclusions still require review.",https://www.capitalone.com/credit-cards/venture-x/ (official_page; checked 2026-09-15),UNKNOWN
19,us-capital-one-savor,US,USD,Capital One Savor Cash Rewards,Capital One,pending,0,UNKNOWN,UNKNOWN,0,"3 cashback_percent — Dining, groceries, entertainment and eligible streaming; Groceries exclude superstores such as Walmart and Target. | 5 cashback_percent — Capital One Travel hotels, vacation rentals and rental cars;  | 1 cashback_percent — Other purchases; ",USD 200 after USD 500 purchases in 3 months.,UNKNOWN,"","Confirm full eligibility and current pricing before publication. | Payment network, full benefit terms and complete reward exclusions still require review.",https://www.capitalone.com/credit-cards/savor/ (official_page; checked 2026-09-15),UNKNOWN
20,us-capital-one-quicksilver,US,USD,Capital One Quicksilver,Capital One,pending,0,UNKNOWN,UNKNOWN,0,1.5 cashback_percent — Eligible purchases; Standard Quicksilver Rewards variant.,USD 200 after USD 500 purchases within 3 months.,UNKNOWN,"","Confirm full eligibility and current pricing before publication. | Main product hero did not render; fee and rewards supported by the current issuer cashback catalogue. | Payment network, full benefit terms and complete reward exclusions still require review.",https://www.capitalone.com/credit-cards/quicksilver/ (official_search_extract; checked 2026-09-15) | https://www.capitalone.com/credit-cards/cash-back/ (official_search_extract; checked 2026-09-15),UNKNOWN
21,us-capital-one-savor-student,US,USD,Capital One Savor Student,Capital One,pending,0,UNKNOWN,UNKNOWN,0,"3 cashback_percent — Groceries, dining, entertainment and eligible streaming; Superstores excluded. | 1 cashback_percent — Other purchases; ",USD 50 after USD 100 purchases in 3 months.,"Enrolled, or admitted and planning to enrol within 3 months, at an accredited higher-education institution.",Student status,"Confirm full eligibility and current pricing before publication. | Payment network, full benefit terms and complete reward exclusions still require review.",https://www.capitalone.com/credit-cards/savor-student/ (official_page; checked 2026-09-15),UNKNOWN
22,us-capital-one-platinum,US,USD,Capital One Platinum,Capital One,pending,0,UNKNOWN,UNKNOWN,UNKNOWN,"",UNKNOWN,Issuer catalogue places this card in its Fair Credit category; no minimum score inferred.,"","Confirm full eligibility and current pricing before publication. | No reward schedule captured; verify absence of ongoing rewards and welcome bonus, and foreign fee. | Payment network, full benefit terms and complete reward exclusions still require review.",https://www.capitalone.com/credit-cards/platinum/ (official_page; checked 2026-09-15),UNKNOWN
23,us-citi-strata-premier,US,USD,Citi Strata Premier,Citi,pending,95,UNKNOWN,UNKNOWN,0,"10 points_per_USD — Citi Travel hotels, car rentals and attractions;  | 3 points_per_USD — Air travel, other hotels, restaurants, supermarkets, gas and EV charging;  | 1 points_per_USD — Other purchases; ",UNKNOWN,UNKNOWN,"","Confirm full eligibility and current pricing before publication. | Welcome offer numbers did not render. Current/previous Premier and Strata Premier bonus restrictions need review. | Payment network, full benefit terms and complete reward exclusions still require review.",https://www.citi.com/credit-cards/citi-strata-premier-credit-card (official_page; checked 2026-09-15),UNKNOWN
24,us-citi-double-cash,US,USD,Citi Double Cash,Citi,pending,0,UNKNOWN,UNKNOWN,UNKNOWN,"2 cashback_percent — Purchases and repayment combined; 1% when buying plus 1% when paying; pay at least minimum on time. | 5 cashback_percent — Citi Travel hotels, rental cars and attractions; Includes purchase and repayment components; not 5% plus the base 2%.",UNKNOWN,UNKNOWN,"","Confirm full eligibility and current pricing before publication. | Dynamic pricing and bonus values missing; confirm foreign fee. | Payment network, full benefit terms and complete reward exclusions still require review.",https://www.citi.com/credit-cards/citi-double-cash-credit-card (official_page; checked 2026-09-15),UNKNOWN
25,us-discover-it-cash-back,US,USD,Discover it Cash Back,Discover,pending,0,UNKNOWN,UNKNOWN,UNKNOWN,5 cashback_percent — Activated quarterly categories; Quarterly maximum applies; amount not extracted. | 1 cashback_percent — Other purchases; ,Automatic match of cashback earned during the first year.,UNKNOWN,Rotating-category activation,"Confirm quarterly cap, foreign fee and legal issuer after Capital One transition. | Payment network, full benefit terms and complete reward exclusions still require review.",https://www.discover.com/credit-cards/cash-back/it-card/ (official_page; checked 2026-09-15),UNKNOWN
26,us-discover-it-student,US,USD,Discover it Student Cash Back,Discover,pending,0,UNKNOWN,UNKNOWN,UNKNOWN,5 cashback_percent — Activated quarterly categories; Quarterly maximum applies; amount not extracted. | 1 cashback_percent — Other purchases; ,USD 100 after USD 300 purchases in 3 months; page also advertises first-year Cashback Match. Verify whether both apply to the selected offer.,Product page says no credit score required to apply; student and other application requirements still need checking.,Student status,"Confirm full eligibility and current pricing before publication. | Verify quarterly cap, foreign fee, legal issuer and offer combination. | Payment network, full benefit terms and complete reward exclusions still require review.",https://www.discover.com/credit-cards/student-credit-card/it-card/ (official_page; checked 2026-09-15),UNKNOWN
27,us-wells-fargo-active-cash,US,USD,Wells Fargo Active Cash,Wells Fargo,pending,0,UNKNOWN,UNKNOWN,UNKNOWN,"2 cashback_percent — Eligible purchases; Net purchases, after returns/credits.","USD 100 after USD 500 purchases within 3 months, on the observed product page.",UNKNOWN,"","Observed product-page bonus differs from older USD 200 terms found in search. Confirm the selected application channel. | Verify foreign fee and full eligibility. | Payment network, full benefit terms and complete reward exclusions still require review.",https://creditcards.wellsfargo.com/active-cash-credit-card/ (official_page; checked 2026-09-15),UNKNOWN
28,us-wells-fargo-autograph,US,USD,Wells Fargo Autograph,Wells Fargo,pending,0,UNKNOWN,UNKNOWN,UNKNOWN,"3 points_per_USD — Restaurants, travel, gas, transit, selected streaming and phone plans; Merchant/provider exclusions apply. | 1 points_per_USD — Other purchases; ","20,000 points after USD 1,000 purchases within 3 months.",UNKNOWN,"","Verify foreign fee, eligible providers and full application restrictions. | Payment network, full benefit terms and complete reward exclusions still require review.",https://creditcards.wellsfargo.com/autograph-visa-credit-card/ (official_page; checked 2026-09-15),UNKNOWN
29,us-bofa-student-travel,US,USD,Bank of America Travel Rewards for Students,Bank of America,pending,0,UNKNOWN,UNKNOWN,0,1.5 points_per_USD — Everyday purchases; ,"25,000 points after USD 1,000 purchases within 90 days.",UNKNOWN,Student status,"Confirm full eligibility and current pricing before publication. | Page includes a temporary-unavailability banner alongside application content; manually confirm availability. | Payment network, full benefit terms and complete reward exclusions still require review.",https://www.bankofamerica.com/credit-cards/products/student-rewards-credit-card/ (official_page; checked 2026-09-15),UNKNOWN
30,us-bofa-customized-cash,US,USD,Bank of America Customized Cash Rewards,Bank of America,pending,0,UNKNOWN,UNKNOWN,UNKNOWN,"3 cashback_percent — Chosen category; Combined USD 2,500 quarterly spend cap with groceries and wholesale clubs, then 1%. | 2 cashback_percent — Groceries and wholesale clubs; Shares the USD 2,500 quarterly cap. | 1 cashback_percent — Other purchases;  | 6 cashback_percent — Chosen category, introductory; First year only; same shared cap, then ongoing 3% category rate.","USD 200 after USD 1,000 purchases within 90 days.",UNKNOWN,"Select one spending category, not all categories at once.","Confirm full eligibility and current pricing before publication. | Confirm foreign fee; do not assume eligibility for relationship rewards boosts. | Payment network, full benefit terms and complete reward exclusions still require review.",https://www.bankofamerica.com/credit-cards/products/cash-back-credit-card/ (official_search_extract; checked 2026-09-15),UNKNOWN
31,gb-amex-gold,GB,GBP,American Express Preferred Rewards Gold,American Express,pending,195,UNKNOWN,GBP 0 annual fee in year one,UNKNOWN,3 points_per_GBP — Amex Travel; Eligible bookings only; review booking exclusions. | 2 points_per_GBP — Direct airline purchases;  | 1 points_per_GBP — Other purchases; ,UNKNOWN,UNKNOWN,"","Confirm full eligibility and current pricing before publication. | Confirm foreign-currency earning and fees, annual spending bonuses and welcome offer. | Payment network, full benefit terms and complete reward exclusions still require review.",https://www.americanexpress.com/en-gb/credit-cards/gold-credit-card/?subsrc=Business+Class+ (official_search_extract; checked 2026-09-15),UNKNOWN
32,gb-amex-rewards,GB,GBP,American Express Rewards Credit Card,American Express,pending,0,UNKNOWN,UNKNOWN,UNKNOWN,1 points_per_GBP — Eligible purchases; Per full pound of each eligible purchase.,UNKNOWN,A current UK bank or building society account is required; remaining criteria need review.,"","Confirm full eligibility and current pricing before publication. | Confirm welcome offer, non-sterling fee and income requirements. | Payment network, full benefit terms and complete reward exclusions still require review. | Foreign purchase fee is unknown.",https://www.americanexpress.com/en-gb/credit-cards/rewards-credit-card/?src=s%3Fsubsrc (official_search_extract; checked 2026-09-15),UNKNOWN
33,gb-amex-cashback-everyday,GB,GBP,American Express Cashback Everyday,American Express,pending,0,UNKNOWN,UNKNOWN,UNKNOWN,"0.5 cashback_percent — Annual spending up to GBP 10,000;  | 1 cashback_percent — Annual spending above GBP 10,000; Higher rate applies only to spending above the threshold.",UNKNOWN,UNKNOWN,"","Confirm full eligibility and current pricing before publication. | Check minimum annual spend to receive cashback, warehouse exclusions, introductory offer and foreign fee. | Payment network, full benefit terms and complete reward exclusions still require review.",https://www.americanexpress.com/en-gb/credit-cards/platinum-cashback-everyday-credit-card/?linknav=en-gb-amex-cardshop-details-browse-PlatinumCashbackEverydayCreditCard&src=ps (official_search_extract; checked 2026-09-15),UNKNOWN
34,gb-amex-cashback,GB,GBP,American Express Cashback Credit Card,American Express,pending,25,UNKNOWN,UNKNOWN,UNKNOWN,"0.75 cashback_percent — Annual spending up to GBP 10,000;  | 1.25 cashback_percent — Annual spending above GBP 10,000; Paid around card anniversary; higher rate only above threshold. | 0.5 cashback_percent — UK warehouse retailers; Specific merchant classification overrides the normal rate.",UNKNOWN,UNKNOWN,"","Confirm full eligibility and current pricing before publication. | Existing-card benefits page: confirm new-applicant offer and foreign fee. | Payment network, full benefit terms and complete reward exclusions still require review.",https://www.americanexpress.com/en-gb/benefits/platinum-cashback-credit-card/ (official_search_extract; checked 2026-09-15),UNKNOWN
35,gb-ba-amex,GB,GBP,British Airways American Express,American Express,pending,0,UNKNOWN,UNKNOWN,UNKNOWN,1 Avios_per_GBP — Eligible purchases; ,UNKNOWN,UNKNOWN,BA/Avios preference,"Confirm full eligibility and current pricing before publication. | Verify current companion-voucher spending threshold and cabin restrictions, welcome offer and foreign fee. | Payment network, full benefit terms and complete reward exclusions still require review.",https://www.americanexpress.com/en-gb/credit-cards/ (official_page; checked 2026-09-15) | https://www.americanexpress.com/en-us/newsroom/articles/emea/british-airways-and-american-express-launch-25th-anniversary-wit.html (official_search_extract; checked 2026-09-15),UNKNOWN
36,gb-marriott-amex,GB,GBP,Marriott Bonvoy American Express,American Express,pending,95,UNKNOWN,UNKNOWN,UNKNOWN,6 points_per_GBP — Eligible Marriott properties;  | 2 points_per_GBP — Other purchases; ,UNKNOWN,UNKNOWN,Marriott hotel preference,"Confirm full eligibility and current pricing before publication. | Verify welcome offer and foreign fee. The 9,000-point invite-a-friend reward is NOT a new-card welcome offer. | Payment network, full benefit terms and complete reward exclusions still require review.",https://www.americanexpress.com/en-gb/credit-cards/marriott-bonvoy-credit-card/ (official_page; checked 2026-09-15),UNKNOWN
37,gb-hsbc-rewards,GB,GBP,HSBC Rewards Credit Card,HSBC,pending,0,UNKNOWN,UNKNOWN,UNKNOWN,0.2 points_per_GBP — Eligible purchases; 1 point per GBP 5; preserve transaction rounding. 100 points redeem for GBP 1.,UNKNOWN,"Annual UK taxable income/pension at least GBP 6,800; HSBC Basic Bank Account holders excluded. Full eligibility not yet extracted.",Confirm access to required HSBC banking relationship,"Confirm full eligibility and current pricing before publication. | Verify full account eligibility, current welcome incentive and foreign fee. | Payment network, full benefit terms and complete reward exclusions still require review.",https://www.hsbc.co.uk/credit-cards/compare/rewards-credit-card/ (official_page; checked 2026-09-15) | https://www.hsbc.co.uk/credit-cards/products/rewards/redeem/ (official_search_extract; checked 2026-09-15),UNKNOWN
38,gb-john-lewis-partnership,GB,GBP,John Lewis Partnership Credit Card,NewDay,pending,UNKNOWN,UNKNOWN,UNKNOWN,UNKNOWN,1.25 points_per_GBP — Eligible John Lewis and Waitrose spending; 5 points per GBP 4 with specific rounding; seasonal rates differ. | 0.1 points_per_GBP — Other spending; 1 point per GBP 10. 500 points give a GBP 5 John Lewis/Waitrose voucher.,Issuer homepage advertises double eligible John Lewis/Waitrose points in the first 60 days; confirm offer-specific rules.,UNKNOWN,John Lewis or Waitrose shopping,"Confirm full eligibility and current pricing before publication. | Scheduled terms change on 25 September 2026, including Kuoni eligibility; verify the correct date version. | Annual fee and foreign fee not extracted. | Payment network, full benefit terms and complete reward exclusions still require review.",https://www.johnlewismoney.com/partnership-credit-card/terms-and-conditions (official_search_extract; checked 2026-09-15) | https://www.johnlewismoney.com/partnership-credit-card/points-calculator (official_search_extract; checked 2026-09-15) | https://www.johnlewismoney.com/ (official_search_extract; checked 2026-09-15),UNKNOWN
39,gb-santander-all-in-one,GB,GBP,Santander All in One,Santander,pending,UNKNOWN,3,UNKNOWN,0,0.5 cashback_percent — Eligible purchases; Cashback capped at GBP 10 per month.,UNKNOWN,"18+, permanent UK resident, annual income at least GBP 10,500; no bankruptcy, CCJ or IVA within 6 years.","","Confirm full eligibility and current pricing before publication. | Do not treat the monthly fee as an annual charge; GBP 36 is a calculated yearly cost. | 0% purchase/transfer offers are separate from rewards; interest ranking is not implemented. | Payment network, full benefit terms and complete reward exclusions still require review.",https://www.santander.co.uk/personal/credit-cards/all-in-one-credit-card (official_search_extract; checked 2026-09-15),UNKNOWN
40,gb-amazon-barclaycard,GB,GBP,Amazon Barclaycard,Barclays,pending,UNKNOWN,0,UNKNOWN,UNKNOWN,"1 gift_card_reward_percent — Amazon purchases; Redeemed as Amazon gift cards; not cash. | 0.5 gift_card_reward_percent — Other purchases, first year; Falls to 0.25% after 12 months. | 0.25 gift_card_reward_percent — Other purchases, ongoing; ",UNKNOWN,UNKNOWN,Amazon shopping,"Confirm full eligibility and current pricing before publication. | Confirm Prime-event rewards, foreign fee and full introductory gift-card offer. | Payment network, full benefit terms and complete reward exclusions still require review.",https://www.barclays.co.uk/credit-cards/reward-cards/the-amazon-barclaycard/ (official_search_extract; checked 2026-09-15) | https://www.barclays.co.uk/credit-cards/reward-cards/ (official_search_extract; checked 2026-09-15),UNKNOWN
41,gb-barclaycard-avios,GB,GBP,Barclaycard Avios,Barclays,pending,UNKNOWN,0,UNKNOWN,UNKNOWN,1 Avios_per_GBP — Eligible purchases; ,UNKNOWN,UNKNOWN,Avios preference,"Confirm full eligibility and current pricing before publication. | Confirm voucher threshold, new versus existing customer bonus and foreign fee; direct page fetch failed. | Payment network, full benefit terms and complete reward exclusions still require review.",https://www.barclays.co.uk/credit-cards/avios-cards/ (official_search_extract; checked 2026-09-15),UNKNOWN
42,gb-barclaycard-avios-plus,GB,GBP,Barclaycard Avios Plus,Barclays,pending,UNKNOWN,20,UNKNOWN,UNKNOWN,1.5 Avios_per_GBP — Eligible purchases; ,"25,000 Avios after GBP 3,000 purchases in 3 months for customers new to Barclaycard.",UNKNOWN,Avios preference,"Confirm full eligibility and current pricing before publication. | Review foreign fee and voucher restrictions; GBP 240 is calculated yearly cost, not a billed annual fee. | Payment network, full benefit terms and complete reward exclusions still require review.",https://www.barclays.co.uk/credit-cards/reward-cards/ (official_search_extract; checked 2026-09-15),UNKNOWN
43,gb-virgin-atlantic-reward,GB,GBP,Virgin Atlantic Reward,Nationwide Building Society (trading as Virgin Money),pending,0,UNKNOWN,UNKNOWN,UNKNOWN,0.75 points_per_GBP — Eligible purchases; ,UNKNOWN,UNKNOWN,Virgin Points / Virgin Atlantic preference,"Confirm full eligibility and current pricing before publication. | Confirm airline-specific earning, monthly earning limits, voucher thresholds, foreign fee and bonus. | Do not confuse Reward with the paid Reward+ variant. | Payment network, full benefit terms and complete reward exclusions still require review.",https://uk.virginmoney.com/cards/products/vaa-cards/ (official_search_extract; checked 2026-09-15),UNKNOWN
44,gb-halifax-clarity,GB,GBP,Halifax Clarity,Halifax,pending,UNKNOWN,UNKNOWN,UNKNOWN,0,"",UNKNOWN,"Halifax guidance: UK resident 18+, regular income, not a student or unemployed; additional credit-history restrictions.","","Confirm full eligibility and current pricing before publication. | Verify account fee and absence of ongoing rewards; cash withdrawals can accrue interest even without a withdrawal fee. | Payment network, full benefit terms and complete reward exclusions still require review.",https://www.halifax.co.uk/creditcards/travel.html (official_search_extract; checked 2026-09-15) | https://www.halifax.co.uk/travel/using-debit-credit-cards-abroad.html (official_search_extract; checked 2026-09-15) | https://www.halifax.co.uk/creditcards/help-guidance/how-to-apply-for-a-credit-card.html (official_search_extract; checked 2026-09-15),UNKNOWN
45,gb-lloyds-ultra,GB,GBP,Lloyds Ultra,Lloyds Bank,pending,UNKNOWN,0,UNKNOWN,0,"1 cashback_percent — Purchases, first year; First 12 months from opening only. | 0.25 cashback_percent — Purchases, ongoing; ",UNKNOWN,UNKNOWN,"","Confirm full eligibility and current pricing before publication. | First-year 1% must not become the permanent rate; verify cashback exclusions. | Payment network, full benefit terms and complete reward exclusions still require review.",https://www.lloydsbank.com/credit-cards/ultra.html (official_search_extract; checked 2026-09-15),UNKNOWN
46,gb-yonder-full,GB,GBP,Yonder Full Credit Card,Yonder,pending,UNKNOWN,15,UNKNOWN,UNKNOWN,5 points_per_GBP — Eligible purchases; Terms award 1 point per full GBP 0.20; redemption value varies.,UNKNOWN,UNKNOWN,Confirm access to relevant Yonder experiences,"Confirm full eligibility and current pricing before publication. | Keep credit and debit products separate; verify annual-payment alternative, foreign fee and current welcome offer. | Payment network, full benefit terms and complete reward exclusions still require review.",https://www.yonder.com/ (official_search_extract; checked 2026-09-15) | https://www.yonder.com/docs/rewards-terms (official_search_extract; checked 2026-09-15) | https://www.yonder.com/join/full-credit-card (official_search_extract; checked 2026-09-15),UNKNOWN
47,gb-natwest-reward,GB,GBP,NatWest Reward Credit Card,NatWest,pending,24,UNKNOWN,UNKNOWN,UNKNOWN,1 reward_percent — Supermarkets; Merchant-category codes 5411 and 5499; supermarket fuel is excluded. | 0.25 reward_percent — Other purchases; Partner offers have separate terms; no double counting.,UNKNOWN,UNKNOWN,Confirm banking relationship eligibility,"Confirm full eligibility and current pricing before publication. | Check annual-fee refund conditions, full eligibility and foreign fee. | Payment network, full benefit terms and complete reward exclusions still require review.",https://www.natwest.com/credit-cards.html (official_search_extract; checked 2026-09-15) | https://www.natwest.com/myrewards/terms-and-exclusions.html (official_search_extract; checked 2026-09-15) | https://www.natwest.com/support-centre/payments/general/do-you-charge-an-annual-fee-for-your-credit-cards.html (official_search_extract; checked 2026-09-15),UNKNOWN
48,gb-ms-shopping-plus,GB,GBP,M&S Credit Card — Shopping Plus offer,HSBC UK Bank plc (trading as M&S Bank),pending,UNKNOWN,UNKNOWN,UNKNOWN,UNKNOWN,"",UNKNOWN,UK residents aged 18+; subject to status. Exact offer eligibility remains unverified.,M&S shopping,"Confirm full eligibility and current pricing before publication. | Exact live Shopping Plus offer and product URL unresolved; keep on hold until confirmed. | Extract fees, point schedule and eligibility; do not import historical Reward Plus promotional terms. | Payment network, full benefit terms and complete reward exclusions still require review. | Foreign purchase fee is unknown.",https://www.marksandspencer.com/c/money/credit-card/rewards?target=external (official_search_extract; checked 2026-09-15),UNKNOWN
49,gb-aqua-classic,GB,GBP,Aqua Classic,NewDay (Aqua),pending,0,UNKNOWN,UNKNOWN,UNKNOWN,"",UNKNOWN,"18+, permanent UK address and current UK bank/building society account; bankruptcy, recent CCJ and recent NewDay-card restrictions apply.","","Confirm full eligibility and current pricing before publication. | No ongoing reward schedule captured; verify absence of rewards, legal issuer and foreign fee. | Payment network, full benefit terms and complete reward exclusions still require review.",https://www.aquacard.co.uk/credit-cards/aqua-classic (official_search_extract; checked 2026-09-15),UNKNOWN
50,gb-capital-one-classic,GB,GBP,Capital One Classic,Capital One UK,pending,0,UNKNOWN,UNKNOWN,UNKNOWN,"",UNKNOWN,UNKNOWN,"","Confirm full eligibility and current pricing before publication. | No reward schedule captured; verify absence of rewards and foreign fee; no approval score is inferred. | Payment network, full benefit terms and complete reward exclusions still require review.",https://www.capitalone.co.uk/creditcards/classic-mastercard-credit-card (official_search_extract; checked 2026-09-15),UNKNOWN
