number,reference,country,card,missing_fields,specific_checks,shared_checks,captured_fees,captured_rewards,captured_welcome_offer,captured_eligibility,official_sources,your_findings,your_source_url,date_checked
1,us-chase-sapphire-preferred,US,Chase Sapphire Preferred,"Eligibility: no details captured | First-year fee treatment: normal fee, waiver or discount",New benefits observed; review their effective dates and provider exclusions.,Network; benefits; complete reward rules; new-applicant availability; full eligibility; score only if issuer-published,annual: 95; foreign_purchase_percent: 0,"Chase Travel: 5 points_per_USD. Excludes purchases reimbursed by the annual hotel credit. | Dining; gas; EV charging; selected vacation homes; streaming; online groceries: 3 points_per_USD. Online groceries exclude Target, Walmart and wholesale clubs; selected providers only. | Other travel: 2 points_per_USD.  | Other purchases: 1 points_per_USD. ","75,000 points after USD 5,000 purchases within 3 months.",,https://creditcards.chase.com/rewards-credit-cards/sapphire/preferred,,,
2,us-chase-sapphire-reserve,US,Chase Sapphire Reserve,"Foreign-currency purchase fee: percentage and any exceptions | Eligibility: no details captured | First-year fee treatment: normal fee, waiver or discount",Confirm foreign purchase fee and exclusions for purchases covered by credits.,Network; benefits; complete reward rules; new-applicant availability; full eligibility; score only if issuer-published,annual: 795,Chase Travel: 8 points_per_USD.  | Flights and hotels booked directly: 4 points_per_USD.  | Dining: 3 points_per_USD.  | Other purchases: 1 points_per_USD. ,"100,000 points after USD 6,000 purchases within 3 months.",,https://creditcards.chase.com/rewards-credit-cards/sapphire/reserve,,,
3,us-chase-freedom-unlimited,US,Chase Freedom Unlimited,"Foreign-currency purchase fee: percentage and any exceptions | Eligibility: no details captured | First-year fee treatment: normal fee, waiver or discount",Foreign purchase fee not extracted.,Network; benefits; complete reward rules; new-applicant availability; full eligibility; score only if issuer-published,annual: 0,Chase Travel: 5 cashback_percent.  | Dining and drugstores: 3 cashback_percent.  | Other purchases: 1.5 cashback_percent. ,USD 200 after USD 500 purchases within 3 months.,,https://creditcards.chase.com/cash-back-credit-cards/freedom/unlimited,,,
4,us-chase-freedom-flex,US,Chase Freedom Flex,"Foreign-currency purchase fee: percentage and any exceptions | Eligibility: no details captured | First-year fee treatment: normal fee, waiver or discount",Foreign fee and current quarterly calendar need review.,Network; benefits; complete reward rules; new-applicant availability; full eligibility; score only if issuer-published,annual: 0,"Quarterly categories: 5 cashback_percent. Activation required; USD 1,500 combined quarterly spending cap, then base rate. Category calendar changes. | Chase Travel: 5 cashback_percent.  | Dining and drugstores: 3 cashback_percent.  | Other purchases: 1 cashback_percent. ",USD 200 after USD 500 purchases within 3 months.,,https://creditcards.chase.com/cash-back-credit-cards/freedom/flex,,,
5,us-chase-freedom-rise,US,Chase Freedom Rise,"Foreign-currency purchase fee: percentage and any exceptions | Eligibility: no details captured | First-year fee treatment: normal fee, waiver or discount",Confirm application channel and introductory offer expiry; no numerical approval score is assumed. | Foreign purchase fee is unknown.,Network; benefits; complete reward rules; new-applicant availability; full eligibility; score only if issuer-published,annual: 0,"Other purchases: 1.5 cashback_percent.  | Dining introductory offer: 3 cashback_percent. First 6 months; USD 6,000 dining cap; then normal rate.",USD 25 for setting up automatic payments within 3 months and staying enrolled for 90 days.,,https://creditcards.chase.com/cash-back-credit-cards/freedom/rise,,,
6,us-united-explorer,US,United Explorer,Foreign-currency purchase fee: percentage and any exceptions | Eligibility: no details captured,Remaining earning categories and foreign fee require review.,Network; benefits; complete reward rules; new-applicant availability; full eligibility; score only if issuer-published,annual: 150; intro: USD 0 annual fee in year one,Eligible United purchases: 3 miles_per_USD. Advertised 9x flight total also includes MileagePlus flight earnings; do not import 9x as card-only rewards.,"50,000 miles after USD 3,000 purchases in 3 months; additional 10,000 for adding an authorised user in 3 months.",,https://creditcards.chase.com/travel-credit-cards/united/united-explorer,,,
7,us-southwest-plus,US,Southwest Rapid Rewards Plus,"Welcome offer, or confirmation that none is available | Eligibility: no details captured | First-year fee treatment: normal fee, waiver or discount","Comparison page includes multiple tiers: confirm Plus category caps, new-applicant offer and current benefits.",Network; benefits; complete reward rules; new-applicant availability; full eligibility; score only if issuer-published,annual: 99; foreign_purchase_percent: 0,Direct Southwest purchases: 2 points_per_USD.  | Other purchases: 1 points_per_USD. ,,,https://creditcards.chase.com/southwest/plus-credit-card,,,
8,us-marriott-boundless,US,Marriott Bonvoy Boundless,"Foreign-currency purchase fee: percentage and any exceptions | Eligibility: no details captured | First-year fee treatment: normal fee, waiver or discount",Rewards source is an existing-cardmember guide; confirm current new-applicant terms. | Foreign purchase fee is unknown.,Network; benefits; complete reward rules; new-applicant availability; full eligibility; score only if issuer-published,annual: 95,"Participating Marriott hotels: 6 points_per_USD. Card earnings only, excluding hotel loyalty earnings. | Groceries, gas and dining: 3 points_per_USD. Shared USD 6,000 annual spending cap; then 2 points per USD. | Other purchases: 2 points_per_USD. ","Issuer catalogue advertises 3 free-night awards; spending requirement, expiry and award caps not yet extracted.",,https://creditcards.chase.com/marriott/cardmember/boundless | https://creditcards.chase.com/,,,
9,us-world-of-hyatt,US,World of Hyatt Credit Card,"Foreign-currency purchase fee: percentage and any exceptions | Eligibility: no details captured | First-year fee treatment: normal fee, waiver or discount",Foreign fee and free-night restrictions need review.,Network; benefits; complete reward rules; new-applicant availability; full eligibility; score only if issuer-published,annual: 95,"Hyatt hotels: 4 points_per_USD. Do not include the additional hotel-program base points in card earnings. | Dining, direct airline tickets, local transit and gyms: 2 points_per_USD.  | Other purchases: 1 points_per_USD. ","30,000 points after USD 3,000 in 3 months; introductory 2x on normally 1x purchases for 6 months, capped at USD 15,000 spend. Advertised 60,000 total includes these earnings.",,https://creditcards.chase.com/travel-credit-cards/world-of-hyatt-credit-card,,,
10,us-prime-visa,US,Prime Visa,"Foreign-currency purchase fee: percentage and any exceptions | Welcome offer, or confirmation that none is available | Eligibility: no details captured | First-year fee treatment: normal fee, waiver or discount","Extract base rate, foreign fee and current welcome offer; Prime subscription cost is separate.",Network; benefits; complete reward rules; new-applicant availability; full eligibility; score only if issuer-published,annual: 0,"Eligible Amazon.com, Whole Foods and Chase Travel: 5 cashback_percent. Requires eligible Prime membership; 3% without. Retailer exclusions apply. | Dining, gas and local transit: 2 cashback_percent. ",,,https://creditcards.chase.com/cash-back-credit-cards/amazon-prime-rewards,,,
11,us-amex-platinum,US,American Express Platinum,"Foreign-currency purchase fee: percentage and any exceptions | Welcome offer, or confirmation that none is available | Eligibility: no details captured | First-year fee treatment: normal fee, waiver or discount","Extract flight cap, base rate, benefit enrolments, foreign fee and personalised welcome offer. | Preserve Pay Over Time terms; do not treat this as a conventional fixed-limit revolving card.",Network; benefits; complete reward rules; new-applicant availability; full eligibility; score only if issuer-published,annual: 895,Prepaid hotels through Amex Travel: 5 points_per_USD. ,,,https://www.americanexpress.com/us/credit-cards/card/platinum/?aexp_nav=en_cards,,,
12,us-amex-gold,US,American Express Gold,"Foreign-currency purchase fee: percentage and any exceptions | Welcome offer, or confirmation that none is available | Eligibility: no details captured | First-year fee treatment: normal fee, waiver or discount",Welcome offer and foreign fee need review; retain Pay Over Time conditions.,Network; benefits; complete reward rules; new-applicant availability; full eligibility; score only if issuer-published,annual: 325,"Restaurants worldwide: 4 points_per_USD. USD 50,000 calendar-year cap; then 1x. | US supermarkets: 4 points_per_USD. USD 25,000 calendar-year cap; then 1x. | Prepaid hotels through Amex Travel: 5 points_per_USD.  | Direct flights or Amex Travel flights: 3 points_per_USD.  | Amex Travel prepaid car rentals and eligible cruises: 2 points_per_USD.  | Other purchases: 1 points_per_USD. ",,,https://www.americanexpress.com/us/credit-cards/card/gold-card/?category=all,,,
13,us-amex-blue-cash-preferred,US,Blue Cash Preferred,"Foreign-currency purchase fee: percentage and any exceptions | Welcome offer, or confirmation that none is available | Eligibility: no details captured","Extract transit, gas and base rewards; foreign fee and welcome offer remain unknown.",Network; benefits; complete reward rules; new-applicant availability; full eligibility; score only if issuer-published,annual: 95; intro: USD 0 annual fee in year one,"US supermarkets: 6 cashback_percent. USD 6,000 per year, then 1%. | Selected US streaming: 6 cashback_percent. ",,,https://www.americanexpress.com/us/credit-cards/card/blue-cash-preferred/?intlink=us_card_benefits_blue_cash_preferred,,,
14,us-amex-blue-cash-everyday,US,Blue Cash Everyday,"Foreign-currency purchase fee: percentage and any exceptions | Welcome offer, or confirmation that none is available | Eligibility: no details captured | First-year fee treatment: normal fee, waiver or discount",Extract foreign fee and personalised welcome offer.,Network; benefits; complete reward rules; new-applicant availability; full eligibility; score only if issuer-published,annual: 0,"US supermarkets: 3 cashback_percent. USD 6,000 annual category cap, then 1%. | US gas: 3 cashback_percent. Separate USD 6,000 annual category cap, then 1%. | US online retail: 3 cashback_percent. Separate USD 6,000 annual category cap, then 1%. | Other purchases: 1 cashback_percent. ",,,https://www.americanexpress.com/us/credit-cards/card/blue-cash-everyday/?nc=yes,,,
15,us-delta-gold,US,Delta SkyMiles Gold,"Foreign-currency purchase fee: percentage and any exceptions | Welcome offer, or confirmation that none is available | Eligibility: no details captured",Welcome offer varies by applicant; foreign fee and benefit restrictions need review.,Network; benefits; complete reward rules; new-applicant availability; full eligibility; score only if issuer-published,annual: 150; intro: USD 0 annual fee in year one,"Restaurants, US supermarkets and direct Delta purchases: 2 miles_per_USD. US takeout and delivery included. | Other purchases: 1 miles_per_USD. ",,,https://www.americanexpress.com/us/credit-cards/card/delta-skymiles-gold-american-express-card/?searchresult=default+card,,,
16,us-hilton-aspire,US,Hilton Honors American Express Aspire,"Foreign-currency purchase fee: percentage and any exceptions | Welcome offer, or confirmation that none is available | Eligibility: no details captured | First-year fee treatment: normal fee, waiver or discount","Extract remaining categories, foreign fee, current offer and benefit restrictions.",Network; benefits; complete reward rules; new-applicant availability; full eligibility; score only if issuer-published,annual: 550,Direct Hilton hotel and resort purchases: 14 points_per_USD. Card earnings; do not add hotel-program points.,,,https://www.americanexpress.com/us/credit-cards/card/hilton-honors-aspire/?searchresult=hilton+american+express,,,
17,us-capital-one-venture,US,Capital One Venture Rewards,"Eligibility: no details captured | First-year fee treatment: normal fee, waiver or discount",Confirm limited offer expiry and credit restrictions; bonus restriction references Venture and Venture X in past 48 months.,Network; benefits; complete reward rules; new-applicant availability; full eligibility; score only if issuer-published,annual: 95; foreign_purchase_percent: 0,"Capital One Travel hotels, vacation rentals and rental cars: 5 miles_per_USD.  | Other purchases: 2 miles_per_USD. ","75,000 miles after USD 4,000 in 3 months plus a limited first-year USD 300 hotel/vacation-rental credit through Capital One Travel.",,https://www.capitalone.com/credit-cards/venture/,,,
18,us-capital-one-venture-x,US,Capital One Venture X,"Welcome offer, or confirmation that none is available | Complete eligibility: only partial details captured | First-year fee treatment: normal fee, waiver or discount",Welcome offer did not render; review lounge guest and authorised-user restrictions.,Network; benefits; complete reward rules; new-applicant availability; full eligibility; score only if issuer-published,annual: 395; foreign_purchase_percent: 0,Capital One Travel hotels and rental cars: 10 miles_per_USD.  | Capital One Travel flights and vacation rentals: 5 miles_per_USD.  | Other purchases: 2 miles_per_USD. ,,Issuer describes the credit level as Excellent; this is not a numerical approval threshold.,https://www.capitalone.com/credit-cards/venture-x/,,,
19,us-capital-one-savor,US,Capital One Savor Cash Rewards,"Eligibility: no details captured | First-year fee treatment: normal fee, waiver or discount",,Network; benefits; complete reward rules; new-applicant availability; full eligibility; score only if issuer-published,annual: 0; foreign_purchase_percent: 0,"Dining, groceries, entertainment and eligible streaming: 3 cashback_percent. Groceries exclude superstores such as Walmart and Target. | Capital One Travel hotels, vacation rentals and rental cars: 5 cashback_percent.  | Other purchases: 1 cashback_percent. ",USD 200 after USD 500 purchases in 3 months.,,https://www.capitalone.com/credit-cards/savor/,,,
20,us-capital-one-quicksilver,US,Capital One Quicksilver,"Eligibility: no details captured | First-year fee treatment: normal fee, waiver or discount",Main product hero did not render; fee and rewards supported by the current issuer cashback catalogue.,Network; benefits; complete reward rules; new-applicant availability; full eligibility; score only if issuer-published,annual: 0; foreign_purchase_percent: 0,Eligible purchases: 1.5 cashback_percent. Standard Quicksilver Rewards variant.,USD 200 after USD 500 purchases within 3 months.,,https://www.capitalone.com/credit-cards/quicksilver/ | https://www.capitalone.com/credit-cards/cash-back/,,,
21,us-capital-one-savor-student,US,Capital One Savor Student,"Complete eligibility: only partial details captured | First-year fee treatment: normal fee, waiver or discount",,Network; benefits; complete reward rules; new-applicant availability; full eligibility; score only if issuer-published,annual: 0; foreign_purchase_percent: 0,"Groceries, dining, entertainment and eligible streaming: 3 cashback_percent. Superstores excluded. | Other purchases: 1 cashback_percent. ",USD 50 after USD 100 purchases in 3 months.,"Enrolled, or admitted and planning to enrol within 3 months, at an accredited higher-education institution.",https://www.capitalone.com/credit-cards/savor-student/,,,
22,us-capital-one-platinum,US,Capital One Platinum,"Foreign-currency purchase fee: percentage and any exceptions | Welcome offer, or confirmation that none is available | Complete eligibility: only partial details captured | Ongoing rewards, or confirmation that there are none | First-year fee treatment: normal fee, waiver or discount","No reward schedule captured; verify absence of ongoing rewards and welcome bonus, and foreign fee.",Network; benefits; complete reward rules; new-applicant availability; full eligibility; score only if issuer-published,annual: 0,None captured (not confirmation of no rewards),,Issuer catalogue places this card in its Fair Credit category; no minimum score inferred.,https://www.capitalone.com/credit-cards/platinum/,,,
23,us-citi-strata-premier,US,Citi Strata Premier,"Welcome offer, or confirmation that none is available | Eligibility: no details captured | First-year fee treatment: normal fee, waiver or discount",Welcome offer numbers did not render. Current/previous Premier and Strata Premier bonus restrictions need review.,Network; benefits; complete reward rules; new-applicant availability; full eligibility; score only if issuer-published,annual: 95; foreign_purchase_percent: 0,"Citi Travel hotels, car rentals and attractions: 10 points_per_USD.  | Air travel, other hotels, restaurants, supermarkets, gas and EV charging: 3 points_per_USD.  | Other purchases: 1 points_per_USD. ",,,https://www.citi.com/credit-cards/citi-strata-premier-credit-card,,,
24,us-citi-double-cash,US,Citi Double Cash,"Foreign-currency purchase fee: percentage and any exceptions | Welcome offer, or confirmation that none is available | Eligibility: no details captured | First-year fee treatment: normal fee, waiver or discount",Dynamic pricing and bonus values missing; confirm foreign fee.,Network; benefits; complete reward rules; new-applicant availability; full eligibility; score only if issuer-published,annual: 0,"Purchases and repayment combined: 2 cashback_percent. 1% when buying plus 1% when paying; pay at least minimum on time. | Citi Travel hotels, rental cars and attractions: 5 cashback_percent. Includes purchase and repayment components; not 5% plus the base 2%.",,,https://www.citi.com/credit-cards/citi-double-cash-credit-card,,,
25,us-discover-it-cash-back,US,Discover it Cash Back,"Foreign-currency purchase fee: percentage and any exceptions | Eligibility: no details captured | First-year fee treatment: normal fee, waiver or discount","Confirm quarterly cap, foreign fee and legal issuer after Capital One transition.",Network; benefits; complete reward rules; new-applicant availability; full eligibility; score only if issuer-published,annual: 0,Activated quarterly categories: 5 cashback_percent. Quarterly maximum applies; amount not extracted. | Other purchases: 1 cashback_percent. ,Automatic match of cashback earned during the first year.,,https://www.discover.com/credit-cards/cash-back/it-card/,,,
26,us-discover-it-student,US,Discover it Student Cash Back,"Foreign-currency purchase fee: percentage and any exceptions | Complete eligibility: only partial details captured | First-year fee treatment: normal fee, waiver or discount","Verify quarterly cap, foreign fee, legal issuer and offer combination.",Network; benefits; complete reward rules; new-applicant availability; full eligibility; score only if issuer-published,annual: 0,Activated quarterly categories: 5 cashback_percent. Quarterly maximum applies; amount not extracted. | Other purchases: 1 cashback_percent. ,USD 100 after USD 300 purchases in 3 months; page also advertises first-year Cashback Match. Verify whether both apply to the selected offer.,Product page says no credit score required to apply; student and other application requirements still need checking.,https://www.discover.com/credit-cards/student-credit-card/it-card/,,,
27,us-wells-fargo-active-cash,US,Wells Fargo Active Cash,"Foreign-currency purchase fee: percentage and any exceptions | Eligibility: no details captured | First-year fee treatment: normal fee, waiver or discount",Observed product-page bonus differs from older USD 200 terms found in search. Confirm the selected application channel. | Verify foreign fee and full eligibility.,Network; benefits; complete reward rules; new-applicant availability; full eligibility; score only if issuer-published,annual: 0,"Eligible purchases: 2 cashback_percent. Net purchases, after returns/credits.","USD 100 after USD 500 purchases within 3 months, on the observed product page.",,https://creditcards.wellsfargo.com/active-cash-credit-card/,,,
28,us-wells-fargo-autograph,US,Wells Fargo Autograph,"Foreign-currency purchase fee: percentage and any exceptions | Eligibility: no details captured | First-year fee treatment: normal fee, waiver or discount","Verify foreign fee, eligible providers and full application restrictions.",Network; benefits; complete reward rules; new-applicant availability; full eligibility; score only if issuer-published,annual: 0,"Restaurants, travel, gas, transit, selected streaming and phone plans: 3 points_per_USD. Merchant/provider exclusions apply. | Other purchases: 1 points_per_USD. ","20,000 points after USD 1,000 purchases within 3 months.",,https://creditcards.wellsfargo.com/autograph-visa-credit-card/,,,
29,us-bofa-student-travel,US,Bank of America Travel Rewards for Students,"Eligibility: no details captured | First-year fee treatment: normal fee, waiver or discount",Page includes a temporary-unavailability banner alongside application content; manually confirm availability.,Network; benefits; complete reward rules; new-applicant availability; full eligibility; score only if issuer-published,annual: 0; foreign_purchase_percent: 0,Everyday purchases: 1.5 points_per_USD. ,"25,000 points after USD 1,000 purchases within 90 days.",,https://www.bankofamerica.com/credit-cards/products/student-rewards-credit-card/,,,
30,us-bofa-customized-cash,US,Bank of America Customized Cash Rewards,"Foreign-currency purchase fee: percentage and any exceptions | Eligibility: no details captured | First-year fee treatment: normal fee, waiver or discount",Confirm foreign fee; do not assume eligibility for relationship rewards boosts.,Network; benefits; complete reward rules; new-applicant availability; full eligibility; score only if issuer-published,annual: 0,"Chosen category: 3 cashback_percent. Combined USD 2,500 quarterly spend cap with groceries and wholesale clubs, then 1%. | Groceries and wholesale clubs: 2 cashback_percent. Shares the USD 2,500 quarterly cap. | Other purchases: 1 cashback_percent.  | Chosen category, introductory: 6 cashback_percent. First year only; same shared cap, then ongoing 3% category rate.","USD 200 after USD 1,000 purchases within 90 days.",,https://www.bankofamerica.com/credit-cards/products/cash-back-credit-card/,,,
